Name,Address,Website,Phone Number,Image link
Amhurst Hotel,"45 Amhurst Park, London, N16 5DL",www.amhursthotel.co.uk,020 3597 3113 ,"https://c.yell.com/t_bigSquare,f_auto/792afeb9-b97c-46a9-b5a9-26c10f42adc7_image_jpeg.jpg"
Normandie Hotel,"96 Sussex Gardens, London, W2 1UH",www.normandie-hotel-london.com,020 3031 6984 ,"https://c.yell.com/t_bigSquare,f_auto/3c6ea713-57b6-489f-850b-a9ae4fb2fe54_image_jpeg.jpg"
The Whitechapel Hotel,"49-53 New Rd, London, E1 1HH",www.thewhitechapelhotel.com,02033194175 ,"https://c.yell.com/t_bigRect,f_auto/2be647e8-5b5d-4433-8c37-5e632f12bfab_image_jpeg.jpg"
www.athensplazaluxurysapartments.com,"57 Trafalgar Square, London, WC2N 5DU",www.athensplazaluxurysapartments.com,0800 030 4238 ,"https://c.yell.com/t_bigSquare,f_auto/ebaef735-fa8d-407e-809d-387981237177_image_jpeg.jpg"
Trafalgar Hotel,"2 Spring Gardens, London, SW1A 2TS",www.hilton.com,020 7870 2900 ,"https://c.yell.com/t_bigRect,f_auto/92a736e0-1f9e-49cb-8152-c8b1e5d52580_image_jpeg.jpg"
Corinthia Hotel,"10 Whitehall Place, London, SW1A 2BD",www.corinthia.com,020 7930 8181 ,"https://c.yell.com/t_bigSquare,f_auto/63bc2cb2-584f-4ea3-8a2f-02f4448d7fc6_image_jpeg.jpg"
The Savoy Hotel,"Strand, London, WC2R 0EZ",thesavoylondon.com,020 7836 4343 ,"https://c.yell.com/t_bigSquare,f_auto/06d6615f-6053-420f-9b60-b3f42cfce01f_image_jpeg.jpg"
St Martin's Lane London A House Of Originals Hotel,"45 St. Martin's Lane, London, WC2N 4HX",www.sbe.com,020 7300 5500 ,https://www.yell.com/searchfe/yframe/yelldotcom/default/_yframe/min/images/yell-dummy.png
Premier Inn London County Hall hotel,"County Hall Belvedere Road, Westminster, London, SE1 7PB",www.premierinn.com,0333 321 1246 ,"https://c.yell.com/t_bigRect,f_auto/6965e4b8-c54a-421c-a08d-aa9538a7e0ed_image_jpeg.jpg"
Le Meridien Piccadilly,"21 Piccadilly, London, W1J 0BH",www.lemeridienpiccadilly.co.uk,020 7734 8000 ,"https://c.yell.com/t_bigSquare,f_auto/c7bc71cb-2fdf-4d9d-89d7-b36236e3de44_image_jpeg.jpg"
Sidney Hotel,"68-76 Belgrave Rd, London, SW1V 2BP",www.sidneyhotel.com,020 7834 2738 ,"https://c.yell.com/t_bigSquare,f_auto/2d020190-aeee-4e43-861b-14f6fb3125b7_image_jpeg.jpg"
The Ritz London,"150 Piccadilly, Westminster, London, W1J 9BR",www.theritzlondon.com,020 7493 8181 ,"https://c.yell.com/t_bigRect,f_auto/1476c554-e0ff-4c10-b984-6926f29c0f4b_image_jpeg.jpg"
St. George's Inn Victoria,"25 Belgrave Rd, London, SW1V 1RB",www.stgeorgesinnvictoria.co.uk,020 7828 2061 ,"https://c.yell.com/t_bigSquare,f_auto/a73e6848-47fa-4fa2-af8a-bb58a4494f04_image_jpeg.jpg"
Astors Hotel,"106-112 Ebury St, London, SW1W 9QD",www.astorshotelvictoria.co.uk,020 7730 0158 ,"https://c.yell.com/t_bigSquare,f_auto/d5abe3f7-d352-41cc-8a54-79d7a08121c5_image_jpeg.jpg"
One Aldwych Hotel,"1 Aldwych, London, WC2B 4BZ",www.onealdwych.com,020 7300 1000 ,"https://c.yell.com/t_bigSquare,f_auto/ded40fd8-411d-4bfc-8eca-11a7d3dfc8dd_image_jpeg.jpg"
Canary Riverside Plaza Hotel,"46 Westferry Circus, Canary Wharf, London, E14 8RS",www.canaryriversideplaza.com,020 7510 1999 ,"https://c.yell.com/t_bigRect,f_auto/c0728966-223f-4d0c-8226-b48057d0b2a1_image_jpeg.jpg"
Miski Lebanese Dining & Bar,"24 New Kings Rd, London, SW6 4SA",www.miski.co.uk,020 3417 0287 ,"https://c.yell.com/t_bigRect,f_auto/094f27ac-992d-4de1-bd2d-12be96c8df62_image_png.png"
The Fielding Hotel,"4 Broad Court, London, WC2B 5QZ",www.thefieldinghotel.co.uk,020 7836 8305 ,"https://c.yell.com/t_bigSquare,f_auto/cec480c9-dea6-4980-92e9-c80f8a4e50cf_image_jpeg.jpg"
Hilton London Green Park,"Half Moon St, London, W1J 7BN",www3.hilton.com,020 7629 7522 ,"https://c.yell.com/t_bigRect,f_auto/89819c68-149a-477c-bb5b-33067c0462ed_image_jpeg.jpg"
The Washington Mayfair Hotel,"5 Curzon St, London, W1J 5HE",www.washington-mayfair.co.uk,020 7499 7000 ,"https://c.yell.com/t_bigSquare,f_auto/3904ec80-82ee-4b95-be36-1888f5f71e2a_image_jpeg.jpg"
Garth Hotel,"69 Gower St, London, WC1E 6HJ",www.garthhotel-london.com,020 7636 5761 ,"https://c.yell.com/t_bigSquare,f_auto/45aba063-09c4-4ac3-b854-e1283e4847ae_image_jpeg.jpg"
The Chesterfield Mayfair Hotel,"35 Charles St, London, W1J 5EB",www.chesterfieldmayfair.com,020 7491 2622 ,"https://c.yell.com/t_bigSquare,f_auto/733d2ec5-3d1c-43de-9e0b-7ab79c9dfb1f_image_jpeg.jpg"
The Cavendish,"81 Jermyn St, London, SW1Y 6JF",www.thecavendishlondon.com,020 7930 2111 ,"https://c.yell.com/t_bigSquare,f_auto/01a89a44-1b4f-42f4-b60b-14e6a94ba8fb_image_jpeg.jpg"
The Langham London,"1C Portland Place, London, W1B 1JA",www.langhamhotels.com,020 7636 1000 ,"https://c.yell.com/t_bigRect,f_auto/fc879dab-ae34-4fe1-afbf-d9c2424f29a6_image_jpeg.jpg"
The Morton Hotel,"2 Woburn Place, London, WC1H 0LH",www.mortonhotel.co.uk,020 7692 5600 ,"https://c.yell.com/t_bigRect,f_auto/7c8686e6-2bf0-4dd1-b732-ed3b3dc2da30_image_jpeg.jpg"
Amhurst Hotel,"45 Amhurst Park, London, N16 5DL",www.amhursthotel.co.uk,020 7101 2135 ,"https://c.yell.com/t_bigSquare,f_auto/792afeb9-b97c-46a9-b5a9-26c10f42adc7_image_jpeg.jpg"
Claridge's,"41 Brook St, London, W1K 4HR",www.claridges.co.uk,020 7629 8860 ,"https://c.yell.com/t_bigSquare,f_auto/95ff4383-635b-4586-9c2f-fa424b138708_image_jpeg.jpg"
Cheshire Hotel,"110 Great Russell St, London, WC1B 3NA",www.londoncheshirehotel.co.uk,020 7637 7777 ,"https://c.yell.com/t_bigSquare,f_auto/f9149330-e2bb-43e8-bc8b-4375548c1828_image_jpeg.jpg"
Intercontinental - Parklane Hotel,"1 Hamilton Place, Westminster, London, W1J 7QY",www.ihg.com,020 7409 3131 ,"https://c.yell.com/t_bigRect,f_auto/ba725a3d-d273-4ea4-a1f5-cf4bd71b3b0e_image_png.png"
Double Tree By Hilton London- Westminster,"30 John Islip St, London, SW1P 4DD",www.hilton.com,020 7630 1000 ,"https://c.yell.com/t_bigRect,f_auto/5ea56f44-a2d2-4522-9d3b-399fa98b6c4a_image_jpeg.jpg"
Russell Hotel,"312a Vauxhall Bridge Rd, London, SW1V 1AA",,020 7834 2160 ,"https://c.yell.com/t_bigSquare,f_auto/910db07e-a8b3-4b85-a121-d92d51d45bce_image_jpeg.jpg"
The Dorchester Hotel,"53 Park Lane, Westminster, London, W1K 1QA",www.dorchestercollection.com,020 7629 8888 ,"https://c.yell.com/t_bigSquare,f_auto/0b67da5f-6d40-4e76-9da4-26e75f3f2f4f_image_jpeg.jpg"
Boundary London,"2-4 Boundary St, Entrance On Redchurch St, London, E2 7DD",boundary.london,020 7729 1051 ,"https://c.yell.com/t_bigRect,f_auto/18e43c34-aebb-42a4-943d-092013596981_image_png.png"
Cotton Rooms,"1-4 University St, London, WC1E 6AQ",www.cottonrooms.com,020 7380 0030 ,https://www.yell.com/searchfe/yframe/yelldotcom/default/_yframe/min/images/yell-dummy.png
Eden Plaza Kensington,"68-69 Queen's Gate, London, SW7 5JT",www.edenplazakensington.co.uk,020 7370 6111 ,"https://c.yell.com/t_bigSquare,f_auto/a97897f8-7382-4118-8c24-e65a923bed2b_image_jpeg.jpg"
Park Plaza Victoria London,"239 Vauxhall Bridge Rd, Pimlico, London, SW1V 1EQ",www.parkplaza.com,0333 400 6142 ,"https://c.yell.com/t_bigRect,f_auto/cff7ff3c-59b4-4c5f-9ff6-3898d0a6b05a_image_jpeg.jpg"
Holiday Inn London - Wembley,"Empire Way, Wembley, HA9 8DS",www.ihg.com,020 8902 8839 ,"https://c.yell.com/t_bigRect,f_auto/dbcdf337-c56c-4718-a15d-ef5bc34f442c_image_png.png"
Generator London,"37 Tavistock Place, London, WC1H 9SE",www.generatorhostels.com,020 7388 7666 ,"https://c.yell.com/t_bigSquare,f_auto/e954703f-33be-4390-a8c1-d36d3a3e05a7_image_jpeg.jpg"
London Marriott Hotel Park Lane,"140 Park Lane, Westminster, London, W1K 7AA",www.marriott.com,020 7493 7000 ,"https://c.yell.com/t_bigRect,f_auto/d213a6ca-a6cb-4386-8d13-e5fee6c41e26_image_jpeg.jpg"
The Fox Club,"46 Clarges St, London, W1J 7ER",www.foxclublondon.com,020 7495 3656 ,"https://c.yell.com/t_bigSquare,f_auto/988566b5-dd25-40e2-a363-b189ff7374c3_image_jpeg.jpg"
Athenaeum Hotel & Resident,"116 Piccadilly, London, W1J 7BJ",www.athenaeumhotel.com,020 7499 3464 ,"https://c.yell.com/t_bigRect,f_auto/4a1aebae-0612-437a-bd49-fe66710d3150_image_jpeg.jpg"
Hilton London Croydon,"101 Waddon Way, Croydon, CR9 4HH",www3.hilton.com,020 8680 3000 ,"https://c.yell.com/t_bigRect,f_auto/37586fbd-afa0-49f9-b497-7af641c58916_image_jpeg.jpg"
B & B Belgravia,"64-66 Ebury St, London, SW1W 9QD",www.bb-belgravia.com,020 7259 8570 ,"https://c.yell.com/t_bigSquare,f_auto/3f232f58-d2ea-4f31-8f3a-e718b4eacfe5_image_jpeg.jpg"
The Zetter Hotel,"86-88 Clerkenwell Rd, London, EC1M 5RJ",www.thezetter.com,020 7324 4455 ,"https://c.yell.com/t_bigRect,f_auto/44705754-a1bf-4b68-9f50-93c650b8bc12_image_png.png"
The Hari,"20 Chesham Place, London, SW1X 8HQ",www.thehari.com,020 7858 0100 ,"https://c.yell.com/t_bigRect,f_auto/c9fc1b25-0f52-4233-90f8-0ddfa4f48b3b_image_jpeg.jpg"
A A Guest Rooms,"45 Eastgate Close, London, SE28 8PL",www.aaguestrooms.co.uk,07861 146839 ,"https://c.yell.com/t_bigRect,f_auto/954b5cde-0598-4cfd-bbee-5c3f7e17f5c8_image_png.png"
City Continental Kensington,"11-13 Penywern Rd, London, SW5 9TT",www.citycontinental-kensington.co.uk,020 7373 6514 ,https://www.yell.com/searchfe/yframe/yelldotcom/default/_yframe/min/images/yell-dummy.png
Bloomsbury Park,"126 Southampton Row, London, WC1B 5AD",,0845 4566399 ,https://www.yell.com/searchfe/yframe/yelldotcom/default/_yframe/min/images/yell-dummy.png
Hotel Lily,"23-33 Lillie Rd, London, SW6 1UG",www.hotellily.co.uk,020 7381 1881 ,"https://c.yell.com/t_bigSquare,f_auto/9f888d9a-9937-4ce1-8c81-a483bb6bba0f_image_jpeg.jpg"
Montagu Place,"2-3 Montagu Place, London, W1H 2ER",www.montagu-place.co.uk,020 7467 2777 ,"https://c.yell.com/t_bigRect,f_auto/40fe3ff3-9012-43c3-ac27-8df85ff6ec7c_image_jpeg.jpg"
Hampton Court Palace Hotel,"35 Hampton St, London, SE17 3AN",www.hamptonhotellondon.com,020 7703 0011 ,"https://c.yell.com/t_bigRect,f_auto/020fbbf3-baa2-4ab6-966b-5848c804eb9f_image_jpeg.jpg"
Roux at the Landau,"1C Portland Place, London, W1B 1JA",rouxatthelandau.com?utm_source=yext&utm_medium=referral&utm_campaign=yext_profile,020 7965 0165 ,"https://c.yell.com/t_bigRect,f_auto/c666f217-d751-4654-a4cc-047132833f11_image_jpeg.jpg"
Black Lion,"58 Brighton Rd, Surbiton, KT6 5PL",www.rampubcompany.co.uk,020 8399 8856 ,"https://c.yell.com/t_bigRect,f_auto/b4f01958-828f-4c5f-957c-f0fc0cfb67da_image_jpeg.jpg"
Tavistock Hotel,"Tavistock Square, London, WC1H 9EU",www.imperialhotels.co.uk,020 7636 8383 ,"https://c.yell.com/t_bigSquare,f_auto/cec9ab0d-bcce-4a5d-8896-df9bc3348511_image_jpeg.jpg"
La Gaffe,"107-111 Heath St, London, NW3 6SS",www.lagaffe.co.uk,020 7435 8965 ,"https://c.yell.com/t_bigRect,f_auto/1610fdc6-2afd-4986-95e5-71e156165ac8_image_png.png"
The Montcalm at the Brewery London City Ltd,"44-46 Chiswell St, London, EC1Y 4SA",www.themontcalmclub.com,020 7614 0100 ,https://www.yell.com/searchfe/yframe/yelldotcom/default/_yframe/min/images/yell-dummy.png
Premier Inn London Angel Islington,"18 Parkfield St, London, N1 0PS",www.premierinn.com,0333 003 1744 ,"https://c.yell.com/t_bigRect,f_auto/51dd0301-d02a-4da6-a2e4-924c54564196_image_jpeg.jpg"
The Winter Garden Within The Landmark London,"222 Marylebone Rd, London, NW1 6JQ",www.landmarklondon.co.uk,020 7631 8000 ,"https://c.yell.com/t_bigSquare,f_auto/110f3327-d3ae-48e1-8826-c6f01b4e468d_image_jpeg.jpg"
CitySpace Bermondsey,"64 Tower Bridge Rd, London, SE1 4TR",city-space.com?utm_source=yell&utm_medium=referral&utm_campaign=yell,020 3434 6320 ,"https://c.yell.com/t_bigRect,f_auto/7b10d326-6fb7-4e62-9cdf-9357592d526a_image_jpeg.jpg"
The Zetter,"86-88 Clerkenwell Rd, London, EC1M 5RJ",www.thezetter.com,020 7324 4444 ,"https://c.yell.com/t_bigSquare,f_auto/4c9339d2-ae1f-4cbb-a9f3-4a6b3357662e_image_png.png"
Mawlana Restaurant,"161 Edgware Rd, London, W2 2HR",,020 3302 1640 ,https://www.yell.com/searchfe/yframe/yelldotcom/default/_yframe/min/images/yell-dummy.png
Astor Victoria Hotel,"71 Belgrave Rd, London, SW1V 2BG",astorhostels.com,020 7834 3077 ,"https://c.yell.com/t_bigSquare,f_auto/4c890e9b-abd8-4964-852d-9bc71c7caa72_image_jpeg.jpg"
Starhotels Collezione,"15 Cromwell Place, London, SW7 2LA",www.pelhamhotel.co.uk,020 7589 8288 ,"https://c.yell.com/t_bigRect,f_auto/58d1f444-6011-485a-9cfd-c3da67777c9c_image_jpeg.jpg"
London Continental Hotel,"88 Gloucester Place, London, W1U 6HR",www.londons-continental.com,020 7486 8670 ,"https://c.yell.com/t_bigSquare,f_auto/2c479d8c-1de0-49db-884d-8dd7c8412ba8_image_jpeg.jpg"
Travelstay.com,"113 Burford Business Centre, 11 Burford Road, London, E15 2ST",,0870 922 4100 ,"https://c.yell.com/t_bigRect,f_auto/d3ac3b17-5da5-4ce7-a0bd-2a332e9d9de8_image_png.png"
The Chamberlain Hotel Tower Bridge,"132-135 Minories, London, EC3N 1NU",www.thechamberlainhotel.co.uk,020 7680 1500 ,https://www.yell.com/searchfe/yframe/yelldotcom/default/_yframe/min/images/yell-dummy.png
Andaz Liverpool Street London - A new Hyatt Brand,"40 Liverpool Street, London, EC2M 7QN",www.london.liverpoolstreet.andaz.com,0845 0805104 ,https://www.yell.com/searchfe/yframe/yelldotcom/default/_yframe/min/images/yell-dummy.png
Workham Hotels & Venues,"154-158 Shoreditch High St, London, E1 6HU",www.workham.com,020 3540 7223 ,https://www.yell.com/searchfe/yframe/yelldotcom/default/_yframe/min/images/yell-dummy.png
No. 8 Willesden,"305 High Rd, London, NW10 2JT",www.No8Hostel.com,020 8459 8576 ,"https://c.yell.com/t_bigRect,f_auto/26286efe-0bc2-45b9-9be3-9d01d5bf516c_image_jpeg.jpg"
The Queen's Park Hotel,"48 Queensborough Terrace, London, W2 3SJ",www.queensparkhotel.com,020 7229 8080 ,"https://c.yell.com/t_bigSquare,f_auto/719cba2e-db8c-4466-b89a-53653c397a64_image_jpeg.jpg"
Holiday Inn,"4 Portal Way, London, W3 6RT",www.ihg.com,020 8753 0800 ,"https://c.yell.com/t_bigRect,f_auto/d863b894-4930-4ae5-8e33-27dcafbee8cc_image_png.png"
Satyrio- Italian Restaurant & Wine Merchants,"49 Aldgate High St, London, EC3N 1AL",satyrio.co.uk,020 7488 3334 ,"https://c.yell.com/t_bigSquare,f_auto/1771f9c3-f5a5-482e-8b35-a9efe70d25b0_image_jpeg.jpg"
Snoozebox Holdings plc,"60 Trafalgar Square, London, WC2N 5DS",www.snoozebox.com,03450 920174 ,"https://c.yell.com/t_bigSquare,f_auto/53b92708-9632-473b-b1f8-8a7557e303c3_image_jpeg.jpg"
Notting Hill Gate Hotel,"7 Clanricarde Gardens, London, W2 4JJ",www.nottinghillgatehotel.co.uk,020 7243 3203 ,"https://c.yell.com/t_bigSquare,f_auto/c417628c-ce1e-4140-bcbb-cd4b2b928c29_image_jpeg.jpg"
Landmark Hotel Ltd,"222 Marylebone Rd, London, NW1 6JQ",www.landmarklondon.co.uk,020 7631 8000 ,"https://c.yell.com/t_bigRect,f_auto/f016cd68-25a0-48dc-bfaa-791bb4e2be22_image_jpeg.jpg"
Travelodge Hotels Ltd,"614 Western Avenue, London, W3 0TE",www.travelodge.co.uk,0871 984 6195 ,"https://c.yell.com/t_bigSquare,f_auto/fe7f10d8-d3b2-4bb2-b4dc-db0fc83e5065_image_jpeg.jpg"
Belgrave Hotel,"9-13 Clapham Rd, Oval, London, SW9 0JD",www.belgravehotel.net,020 7793 0142 ,"https://c.yell.com/t_bigSquare,f_auto/da633126-8d90-46d2-8527-66571065d184_image_jpeg.jpg"
ME London,"336-337 Strand, London, WC2R 1HA",www.mebymelia.com,020 7395 3400 ,"https://c.yell.com/t_bigSquare,f_auto/baa03ced-e520-4e14-b1df-6b53210ff154_image_jpeg.jpg"
Astor Quest Hostel,"45 Queensborough Terrace, London, W2 3SY",www.astorhostels.co.uk,020 7229 7782 ,"https://c.yell.com/t_bigSquare,f_auto/eef13a3c-887e-4e19-9835-46d37c8068ae_image_jpeg.jpg"
Amistad Hotel Marketing Partnership Ltd,"Golden Cross House Duncannon St, London, WC2N 4JF",www.amistadpartners.com,020 7484 5000 ,"https://c.yell.com/t_bigSquare,f_auto/79cfc872-c72d-4b5e-9fb3-bb997a7ecc67_image_jpeg.jpg"
Threadneedles Autograph Collection,"5 Threadneedle St, London, EC2R 8AY",www.hotelthreadneedles.co.uk?scid=45f93f1b-bd77-45c9-8dab-83b6a417f6fe&y_source=1_MjY5NjE0NC03MDItbG9jYXRpb24ud2Vic2l0ZQ%3D%3D,020 7657 8080 ,"https://c.yell.com/t_bigRect,f_auto/74bfcd7c-21f4-4214-b48d-bcb286f8902d_image_jpeg.jpg"
Hotel Oliver,"198 Cromwell Rd, London, SW5 0SN",www.hoteloliver.co.uk,020 7370 6881 ,"https://c.yell.com/t_bigSquare,f_auto/57462b7d-31f8-468f-9a3c-eadb85112abf_image_jpeg.jpg"
The Victoria,"10 West Temple Sheen, London, SW14 7RT",www.thevictoria.net,020 8876 4238 ,https://www.yell.com/searchfe/yframe/yelldotcom/default/_yframe/min/images/yell-dummy.png
Club Quarters,"8 Northumberland Avenue, London, WC2N 5BY",www.clubquarters.com,020 7839 9333 ,"https://c.yell.com/t_bigRect,f_auto/3cdffb2d-0249-443b-9582-1a254b6a1c08_image_jpeg.jpg"
Hub By Premier Inn London Covent Garden,"110 St. Martin's Lane, London, WC2N 4BA",www.premierinn.com,0333 321 3104 ,"https://c.yell.com/t_bigRect,f_auto/e5b0a43b-e7a1-44fa-b9ee-ac62376fe08f_image_jpeg.jpg"
Thistle Trafalgar Hotels,"Whitcomb St, Trafalgar Square, London, WC2H 7HG",www.thistle.com,0871 376 9037 ,https://www.yell.com/searchfe/yframe/yelldotcom/default/_yframe/min/images/yell-dummy.png
Amba Charing Cross Hotel,"38 Craven St, London, WC2N 5NG",www.amba-hotel.com,020 7839 7282 ,https://www.yell.com/searchfe/yframe/yelldotcom/default/_yframe/min/images/yell-dummy.png
The Royal Park,"3 Westbourne Terrace, London, W2 3UL",www.theroyalpark.com,020 7479 6600 ,"https://c.yell.com/t_bigSquare,f_auto/e986c2c2-4f63-416c-bb0f-8ad9866ce671_image_jpeg.jpg"
Hilton London Paddington,"146 Praed St, London, W2 1EE",www.hilton.com,020 7850 0500 ,"https://c.yell.com/t_bigRect,f_auto/f5690e6a-43bb-48d6-b409-3ea9a3482259_image_jpeg.jpg"
"The Corinthia Hotel Ltd,","10 Northumberland Avenue, London, WC2N 5AE",www.corinthia.com,0843 8161328 ,https://www.yell.com/searchfe/yframe/yelldotcom/default/_yframe/min/images/yell-dummy.png
Club Quarters Trafalgar Square,"8 Northumberland Avenue, London, WC2N 5BY",,0845 4566399 ,https://www.yell.com/searchfe/yframe/yelldotcom/default/_yframe/min/images/yell-dummy.png
Radisson Blue Edwardian Leicester Square,"3-6 St. Martins St, London, WC2H 7HL",www.radissonedwardian.com,020 7930 8641 ,"https://c.yell.com/t_bigSquare,f_auto/ffd59d96-02d7-4752-94a9-85406282335d_image_jpeg.jpg"
Citadines Apart'hotel Trafalgar,"18-21, Northumberland Avenue, London, WC2N 5EA",,0845 4566399 ,https://www.yell.com/searchfe/yframe/yelldotcom/default/_yframe/min/images/yell-dummy.png
Crowne Plaza London - Battersea,"Bridges Wharf, Bridges Court Rd, London, SW11 3BE",,0871 423 4828 ,"https://c.yell.com/t_bigRect,f_auto/e72787e2-0213-4d5e-a4e9-6ac5cd77a6e3_image_png.png"
Amistad Partners,"Trafalgar Square, London, WC2N 5DU",www.amistadpartners.com,020 7946 0835 ,https://www.yell.com/searchfe/yframe/yelldotcom/default/_yframe/min/images/yell-dummy.png
The Grand at Trafalgar Square,"8 Northumberland Avenue, London, WC2N 5BY",,0845 0805104 ,https://www.yell.com/searchfe/yframe/yelldotcom/default/_yframe/min/images/yell-dummy.png
Club Quarters,"8 Northumberland Avenue, London, WC2N 5BY",www.clubquarters.com,020 7451 5600 ,https://www.yell.com/searchfe/yframe/yelldotcom/default/_yframe/min/images/yell-dummy.png
Radisson Blu Edwardian Hampshire,"31-36 Leicester Square, London, WC2H 7LH",www.radissonblu-edwardian.com,020 7839 9399 ,"https://c.yell.com/t_bigRect,f_auto/f9ea61d9-f995-4c8a-a67e-7b235a40253b_image_jpeg.jpg"
The Londoner Hotel,"38 Leicester Square, West End, London, WC2H 7DX",www.thelondoner.com,020 7451 0102 ,"https://c.yell.com/t_bigRect,f_auto/3eff60e3-33f4-4eb1-bbd5-f4b08361f532_image_jpeg.jpg"
Ace Hotel,"100 Shoreditch High St, London, E1 6JQ",www.acehotel.com,020 7613 9800 ,"https://c.yell.com/t_bigRect,f_auto/65ff627a-0e71-47c1-bfc2-9e08d5426307_image_jpeg.jpg"
Haymarket Hotel,"1 Suffolk Place, London, SW1Y 4HX",www.firmdale.com,020 7470 4000 ,"https://c.yell.com/t_bigSquare,f_auto/20dce6a7-c9aa-4d11-85bd-16925b6bf47d_image_jpeg.jpg"
Assembly Hotel London,"27-31 Charing Cross Rd, London, WC2H 0QE",www.assemblyhotel.com,020 3953 4251 ,https://www.yell.com/searchfe/yframe/yelldotcom/default/_yframe/min/images/yell-dummy.png
The Grand at Trafalgar Square,"8 Trafalgar Square, London, WC2N 5BY",clubquartershotels.com,020 7451 5555 ,"https://c.yell.com/t_bigSquare,f_auto/713ba855-2bf8-4948-8108-7ff8b48e81ef_image_jpeg.jpg"
The Nadler,"51 Bedford Street, London, WC2R 0PZ",www.nadlerhotels.com,020 3146 1790 ,https://www.yell.com/searchfe/yframe/yelldotcom/default/_yframe/min/images/yell-dummy.png
Z Hotels,"Grove House, 2 Orange St, London, WC2H 7DF",www.thezhotels.com,020 3551 3720 ,"https://c.yell.com/t_bigSquare,f_auto/1c48f825-3fa0-40c3-a4db-07e3bdbc1c07_image_jpeg.jpg"
La Suite West Hotel,"41-51 Inverness Terrace, London, W2 3JN",www.lasuitewest.com,020 7313 8484 ,"https://c.yell.com/t_bigSquare,f_auto/9d5ae36e-7416-48af-9dfe-0b0139fac514_image_jpeg.jpg"
Central Park Hotel,"Wilberforce Road, London, N4 2SN",,0845 0805104 ,https://www.yell.com/searchfe/yframe/yelldotcom/default/_yframe/min/images/yell-dummy.png
Victory House Hotel,"14 Leicester Place, London, WC2H 7BZ",www.victoryhouselondon.com,020 3909 4100 ,"https://c.yell.com/t_bigSquare,f_auto/cf73df89-531c-4056-b6df-fcac8bc5b831_image_jpeg.jpg"
Holiday Inn London - Kensington Forum,"97 Cromwell Rd, London, SW7 4DN",www.ihg.com,020 7370 6815 ,"https://c.yell.com/t_bigRect,f_auto/11d39b67-0343-4260-94db-956ccf60e086_image_jpeg.jpg"
W Hotel,"10 Wardour Street, London, W1D 6QF",www.wlondon.co.uk,020 7758 1000 ,https://www.yell.com/searchfe/yframe/yelldotcom/default/_yframe/min/images/yell-dummy.png
Arbor City Hotel,"12-20 Osborn St, London, E1 6TE",www.arborcity.co.uk,020 7247 3313 ,https://www.yell.com/searchfe/yframe/yelldotcom/default/_yframe/min/images/yell-dummy.png
The Nadler,"51 Bedford Street, Charing Cross, LONDON, WC2R 0PZ",www.nadlerhotels.com,020 3146 1790 ,https://www.yell.com/searchfe/yframe/yelldotcom/default/_yframe/min/images/yell-dummy.png
The Resident,"51 Bedford St, London, WC2R 0PZ",www.residenthotels.com,020 3146 1790 ,https://www.yell.com/searchfe/yframe/yelldotcom/default/_yframe/min/images/yell-dummy.png
Hotel Indigo London - 1 Leicester Square,"1 Leicester Square, London, WC2H 7NA",www.ihg.com,020 3953 4200 ,"https://c.yell.com/t_bigRect,f_auto/9f0571dd-473b-4b90-974a-3d56a26203d2_image_png.png"
The Royal Horse Guard Hotel,"2 Whitehall Place, Westminster, London, W1A 2HD",www.theroyalhorseguards.com,020 7839 3344 ,https://www.yell.com/searchfe/yframe/yelldotcom/default/_yframe/min/images/yell-dummy.png
Hilton London Canary Wharf,"Marsh Wall, South Quay Square, London, E14 9SH",www.hilton.com,020 3002 2300 ,"https://c.yell.com/t_bigRect,f_auto/09ed6cc9-46d2-4e22-944a-f826050682f7_image_jpeg.jpg"
Comfotel GRN,"120 Shepherds Bush Rd, London, W6 7PD",www.comfotelgrn.com,020 7603 4409 ,"https://c.yell.com/t_bigSquare,f_auto/435858e4-3a8f-4039-a37f-da7553801c9c_image_png.png"
Hotel Sofitel London St James,"6 Waterloo Place, London, SW1Y 4AN",all.accor.com,020 7747 2200 ,"https://c.yell.com/t_bigRect,f_auto/50c87478-bba6-48df-ac51-3838b9d0106d_image_jpeg.jpg"
Royal Horseguards Hotel,"2 Whitehall Court, London, SW1A 2EJ",www.guoman.com,020 7839 3400 ,"https://c.yell.com/t_bigSquare,f_auto/5c231790-9667-493d-82d5-9861fbf3baba_image_jpeg.jpg"
The Park Terrace Restaurant Within Royal Garden Hotel,"2-24 Kensington High St, London, W8 4PT",www.royalgardenhotel.co.uk,020 7361 0602 ,"https://c.yell.com/t_bigSquare,f_auto/0cda78cf-6c9d-446b-81cb-99142a863371_image_jpeg.jpg"
Premier Inn,"Queens House 1 Leicester Place, London, WC2H 7BP",www.premierinn.com,0333 321 9254 ,"https://c.yell.com/t_bigRect,f_auto/f0156f54-cced-4c37-a210-5d8099c3754c_image_jpeg.jpg"
Kent Hall Hotel,"414 Seven Sisters Road, London, N4 2LX",,020 8802 5100 ,https://www.yell.com/searchfe/yframe/yelldotcom/default/_yframe/min/images/yell-dummy.png
Z Hotels,"2-6 Orange Street, Chinatown, LONDON, WC2H 7ED",www.thezhotels.com,020 3551 3720 ,https://www.yell.com/searchfe/yframe/yelldotcom/default/_yframe/min/images/yell-dummy.png
InterContinental London - The O2,"1 Waterview Drive, London, SE10 0TW",,0871 423 4828 ,"https://c.yell.com/t_bigRect,f_auto/ca7f491a-e193-4d97-8c4e-7ec6946b9e36_image_png.png"
1 2 1 2,"2 Whitehall Court, London, SW1A 2EJ",www.theroyalhorseguards.com,020 7451 9333 ,https://www.yell.com/searchfe/yframe/yelldotcom/default/_yframe/min/images/yell-dummy.png
Copthorne Tara Hotel London Kensington,"Scarsdale Place, London, W8 5SY",www.millenniumhotels.com,020 7937 7211 ,"https://c.yell.com/t_bigRect,f_auto/fda88a76-62cb-4df4-92a9-c7d41f5940d2_image_jpeg.jpg"
W London,"10 Wardour St, London, W1D 6QF",www.marriott.com,020 7758 1000 ,"https://c.yell.com/t_bigRect,f_auto/917c683b-a1d0-4dc7-8023-53fff398712b_image_jpeg.jpg"
Brumus Bar & Restaurant,"1 Suffolk Place, London, SW1Y 4HX",www.brumus.com,020 7451 1007 ,https://www.yell.com/searchfe/yframe/yelldotcom/default/_yframe/min/images/yell-dummy.png
Private Dining,"Flat B406, 18, Hertsmere Rd, London, E14 4AY",www.privatediningcanarywharf.co.uk,020 7538 8619 ,"https://c.yell.com/t_bigRect,f_auto/c1262c15-78ad-4f0e-985d-d77e7e5ea0ef_image_png.png"
Hide & Seed,"52-54 Upper Richmond Rd, London, SW15 2RN",www.thelodgehotellondon.com,020 8874 1598 ,"https://c.yell.com/t_bigSquare,f_auto/6d866bce-4f6b-4a23-9e05-a253d9cfa2a5_image_jpeg.jpg"
So Spa Within Sofitel St James Hotel,"6 Waterloo Place, London, SW1Y 4AN",www.sofitelstjames.com,020 7747 2204 ,"https://c.yell.com/t_bigSquare,f_auto/acae6525-c361-44c1-bb1f-4e63ab504430_image_jpeg.jpg"
Sofitel,"6 Waterloo Place, London, SW1Y 4AN",sofitel.accorhotels.com,020 7747 2200 ,https://www.yell.com/searchfe/yframe/yelldotcom/default/_yframe/min/images/yell-dummy.png
Thistle Hotels (UK) Ltd,"39 Coventry St, London, W1D 6BZ",www.thistle.com,020 7930 4033 ,https://www.yell.com/searchfe/yframe/yelldotcom/default/_yframe/min/images/yell-dummy.png
Strand Palace,"372 Strand, London, WC2R 0JJ",www.strandpalacehotel.co.uk,020 7379 4737 ,"https://c.yell.com/t_bigRect,f_auto/7437e210-5bd1-4893-8922-34f62576a1b8_image_jpeg.jpg"
Leicester House,"1 Leicester St, London, WC2H 7BL",www.leicesterhouse.com,020 3696 6460 ,"https://c.yell.com/t_bigSquare,f_auto/094632c4-d9dc-4743-9608-232220e181e8_image_jpeg.jpg"
Holiday Inn Express London-Royal Docks Docklands,"1 Silvertown Way, London, E16 1EA",www.ihg.com,020 7540 4040 ,"https://c.yell.com/t_bigRect,f_auto/573ba693-9727-4996-84f0-e1dd6b8e7c17_image_png.png"
Church Street Hotel,"29-33 Camberwell Church St, London, SE5 8TR",www.churchstreethotel.com,020 7703 5984 ,https://www.yell.com/searchfe/yframe/yelldotcom/default/_yframe/min/images/yell-dummy.png
Holiday Inn,"Tilling Rd, Brent Cross, London, NW2 1LP",www.ihg.com,0871 942 9112 ,"https://c.yell.com/t_bigRect,f_auto/67e18281-24d2-444d-b583-b7e65f513d44_image_png.png"
Emperium POS Ltd,"Northern & Shell Tower, 4, Selsdon Way, London, E14 9GL",www.emperiumpos.com,0871 202 2888 ,https://www.yell.com/searchfe/yframe/yelldotcom/default/_yframe/min/images/yell-dummy.png
ibis Budget London City Airport,"North Woolwich Rd, London, E16 2EE",all.accor.com,020 7474 9106 ,"https://c.yell.com/t_bigRect,f_auto/e898d88d-ec00-46ac-a429-77395765661d_image_png.png"
Thistle Piccadilly,"Coventry Street, London, W1D 6BZ",www.thistlehotels.com,0845 0805104 ,https://www.yell.com/searchfe/yframe/yelldotcom/default/_yframe/min/images/yell-dummy.png
The Pillar Hotel,"19 Brent St, London, NW4 2EU",www.thepillarhotellondon.com,020 8457 4000 ,"https://c.yell.com/t_bigRect,f_auto/7029fc3d-1ace-4dbb-bd49-74f923c8ab3e_image_jpeg.jpg"
Sofitel London St James,"6 Waterloo Place, London, SW1Y 4AN",www.sofitel.com,0845 4566399 ,https://www.yell.com/searchfe/yframe/yelldotcom/default/_yframe/min/images/yell-dummy.png
Quattro Bar & Grill Ltd,"419-437, Hackney Rd, London, E2 8PP",,020 7613 6506 ,"https://c.yell.com/t_bigSquare,f_auto/12495ff7-d320-45af-a7ec-74dec851673c_image_jpeg.jpg"
The Piccadilly West End Hotel,"65-73 Shaftesbury Avenue, Piccadilly, London, W1D 6EX",www.thepiccadillywestend.co.uk,020 7871 6000 ,"https://c.yell.com/t_bigSquare,f_auto/690d3808-4197-404e-9084-1e7fe3af55ec_image_jpeg.jpg"
Amhurst Hotel,"45 Amhurst Park, London, N16 5DL",www.amhursthotel.co.uk,020 3597 3113 ,"https://c.yell.com/t_bigSquare,f_auto/792afeb9-b97c-46a9-b5a9-26c10f42adc7_image_jpeg.jpg"
THEGOLDENMOON.COM,"Unit 5 Jackson Court 314, Romford Road, London, E7 8BE",www.thegoldenmoon.com,07505 369856 ,"https://c.yell.com/t_bigRect,f_auto/8d755582-0a7e-468b-87c6-199f8b082779_image_png.png"
Hotel Strand Continental,"143 Strand, London, WC2R 1JA",www.strand-continental.co.uk,020 7836 4880 ,"https://c.yell.com/t_bigSquare,f_auto/a14619b2-d739-41f2-8934-f8a973f58e61_image_jpeg.jpg"
Fairmont Hotels & Resorts,"1 Savoy Hill, London, WC2R 0BP",www.fairmont.com,0845 0710170 ,https://www.yell.com/searchfe/yframe/yelldotcom/default/_yframe/min/images/yell-dummy.png
Campbell Gray Hotels Ltd,"353 Strand, London, WC2R 0HS",www.campbellgrayhotels.com,020 7395 1660 ,https://www.yell.com/searchfe/yframe/yelldotcom/default/_yframe/min/images/yell-dummy.png
Radisson Blu Edwardian Mercer Street,"20 Mercer St, London, WC2H 9HD",www.radissonblu-edwardian.com,020 7836 4300 ,"https://c.yell.com/t_bigRect,f_auto/750164e9-d97b-48e5-87e3-344e14e1c098_image_jpeg.jpg"
Z Hotels,"17 Moor Street, London, W1D 5AP",www.thezhotels.com,020 3551 3701 ,https://www.yell.com/searchfe/yframe/yelldotcom/default/_yframe/min/images/yell-dummy.png
Ham Yard Hotel,"1-2 Ham Yard, LONDON, W1D 7DT",www.firmdale.com,020 3642 2000 ,"https://c.yell.com/t_bigSquare,f_auto/2d661c80-3e2b-4132-8ed4-4c9f065ff85d_image_jpeg.jpg"
Kettner's Townhouse,"29 Romilly Street, Chinatown, LONDON, W1D 5HP",www.sohohouse.com,020 7734 5650 ,https://www.yell.com/searchfe/yframe/yelldotcom/default/_yframe/min/images/yell-dummy.png
Soho Hotel,"4 Richmond Mews, London, W1D 3DH",www.firmdale.com,020 7559 3000 ,"https://c.yell.com/t_bigSquare,f_auto/4adfe258-e905-421b-841f-bb82c6a4ca9d_image_jpeg.jpg"
Wembley Park Hotel UK,"92 Wembley Park Drive, Wembley, HA9 8HW",www.wembleyparkhotel.co.uk,020 8903 9353 ,"https://c.yell.com/t_bigSquare,f_auto/8e4773ab-dedd-4b68-8c74-2933804685b3_image_jpeg.jpg"
Mena Hospitality & Leisure Ltd,"71-75 Shelton St, Covent Garden, London, WC2H 9JQ",www.menahl.com,0844 322 0243 ,"https://c.yell.com/t_bigRect,f_auto/06526da0-6497-4519-9bf5-58419aa33c1a_image_png.png"
K West Hotel & Spa,"Kensington House Richmond Way, London, W14 0AX",www.k-west.co.uk,020 8008 6600 ,"https://c.yell.com/t_bigSquare,f_auto/bbce4e1d-1e1a-4e25-8ea4-8e0b6880b0a5_image_jpeg.jpg"
Brook Kingston Lodge Hotel,"Kingston Hill, Kingston Upon Thames, KT2 7NP",www.brook-hotels.co.uk,020 8541 4481 ,"https://c.yell.com/t_bigRect,f_auto/082c9cff-dbc5-47dd-b4c8-3f98b34ddaac_image_png.png"
Hazlitt's Hotel,"6 Frith St, London, W1D 3JA",www.rookeryhotel.com,020 7434 1771 ,"https://c.yell.com/t_bigSquare,f_auto/1bb5518b-340e-4eab-a94d-838bda52f858_image_jpeg.jpg"
The Green Bar Cafe Royal Hotel,"68 Regent St, London, W1B 5RL",www.hotelcaferoyal.com,020 7406 3310 ,"https://c.yell.com/t_bigSquare,f_auto/ca07dabb-95c8-4b4f-a692-7d588da9abb1_image_jpeg.jpg"
Brasserie Max within the Covent Garden Hotel,"10 Monmouth St, London, WC2H 9HB",www.coventgardenhotel.co.uk,020 7806 1000 ,"https://c.yell.com/t_bigSquare,f_auto/bb7aafa1-6eeb-4539-a34e-ec3e9902e4bb_image_jpeg.jpg"
Dorsett Shepherds Bush,"58 Shepherds Bush Green, London, W12 8QE",www.dorsetthotels.com,020 3262 1026 ,"https://c.yell.com/t_bigSquare,f_auto/c3dbebc4-9168-43c3-9a9a-88830c9c0e8a_image_jpeg.jpg"
Ramanda London Finchley,"3 Leisure Way, London, N12 0QZ",www.ramada.co.uk,020 8446 6644 ,"https://c.yell.com/t_bigSquare,f_auto/8557785d-7e3b-4439-8d1e-c06a85b56a79_image_jpeg.jpg"
The Hand & Flower Olympia,"1 Hammersmith Rd, Hammersmith, London, W14 8XJ",www.handandflower.co.uk,020 7371 4105 ,https://www.yell.com/searchfe/yframe/yelldotcom/default/_yframe/min/images/yell-dummy.png
The Petersham Hotel,"Nightingale Lane, Richmond, TW10 6UZ",www.petershamhotel.co.uk,020 8940 7471 ,"https://c.yell.com/t_bigRect,f_auto/b5d5bd1b-f263-4397-a396-cfcbf6717b4c_image_jpeg.jpg"
The Covent Garden Hotel,"10 Monmouth St, London, WC2H 9LF",procleanerslondon.com,020 7806 1000 ,"https://c.yell.com/t_bigSquare,f_auto/a9a419de-5f9c-4757-a7c0-53cdca7a58fc_image_jpeg.jpg"
1even Dials Hotel,"7 Monmouth St, London, WC2H 9DA",www.sevendialshotellondon.com,020 7240 0823 ,"https://c.yell.com/t_bigSquare,f_auto/a3d079ed-68cf-46a0-928d-738b917e6e52_image_jpeg.jpg"
Mimi's,"56 Frith Street, Soho, LONDON, W1D 3JG",www.mimishotelsoho.com,020 8017 9100 ,"https://c.yell.com/t_bigSquare,f_auto/a69c60d6-84df-49b1-8134-6896d5f7f0ef_image_jpeg.jpg"
Sanctum Soho Hotel,"20 Warwick St, London, W1B 5NF",karmagroup.com,020 7292 6100 ,"https://c.yell.com/t_bigSquare,f_auto/d86523cd-775a-43d0-8b7e-ed41c4e316e0_image_jpeg.jpg"
Dean Street Townhouse,"69-71 Dean St, London, W1D 3SE",www.deanstreettownhouse.com,020 7434 1775 ,"https://c.yell.com/t_bigSquare,f_auto/34f43240-49dd-4197-8ace-2785ca6b0ca9_image_jpeg.jpg"
London Marriott Hotel County Hall,"London County Hall, Westminster Bridge Road, London, SE1 7PB",www.marriott.com,020 7928 5200 ,"https://c.yell.com/t_bigRect,f_auto/ea11deeb-0fc1-416e-a2f0-d9fb21f77c35_image_jpeg.jpg"
The Ruskin Hall,"386 High St North, London, E12 6RH",www.ruskinhotels.co.uk,020 8548 2000 ,"https://c.yell.com/t_bigRect,f_auto/c7031af2-a357-4b61-b4b1-038cdf0f0a96_image_jpeg.jpg"
The Bridge Hotel,"Western Avenue, Greenford, UB6 8ST",www.youngs.co.uk,020 8566 6246 ,"https://c.yell.com/t_bigRect,f_auto/e2cf9da6-80ea-437e-8c80-dea912f00c11_image_jpeg.jpg"
The Drayton Court Hotel Ealing,"2 The Avenue Ealing, London, W13 8PH",www.draytoncourtlondon.co.uk,020 8997 1019 ,https://www.yell.com/searchfe/yframe/yelldotcom/default/_yframe/min/images/yell-dummy.png
The Princess Hotel,"2 Adolphus Rd, London, N4 2AZ",,020 8800 3313 ,https://www.yell.com/searchfe/yframe/yelldotcom/default/_yframe/min/images/yell-dummy.png
Cafe Royal,"68 Regent St, London, W1B 4DY",www.hotelcaferoyal.com,020 7406 3333 ,https://www.yell.com/searchfe/yframe/yelldotcom/default/_yframe/min/images/yell-dummy.png
Croydon Court Hotel,"597-603 London Rd, Croydon, Thornton Heath, CR7 6AY",www.croydoncourthotel.co.uk,020 8684 3947 ,"https://c.yell.com/t_bigSquare,f_auto/31b7acfa-0981-46a7-b154-5e8e2b73f188_image_jpeg.jpg"
Best Western Plus Seraphine Hammersmith Hotel,"84-94 King St, London, W6 0QW",www.bestwestern.co.uk,020 8600 0555 ,"https://c.yell.com/t_bigSquare,f_auto/e2f6b019-08e2-4a6a-93e2-cdfb8f211b25_image_jpeg.jpg"
Travelodge Hotels Ltd,"10 Drury Lane, High Holborn, London, WC2B 5RE",www.travelodge.co.uk,0871 984 6245 ,"https://c.yell.com/t_bigSquare,f_auto/9f03058c-da2e-4275-85d2-71d37b01a2e2_image_jpeg.jpg"
Fly Dreams,"71-75 Shelton St, London, WC2H 9JQ",www.flydreams.co.uk,020 7993 5366 ,https://www.yell.com/searchfe/yframe/yelldotcom/default/_yframe/min/images/yell-dummy.png
Kings Arms,"19 Boston Manor Rd, Brentford, TW8 8EA",www.kingsarmsbrentford.co.uk,020 8560 5860 ,"https://c.yell.com/t_bigSquare,f_auto/fc3a436e-de07-494f-9f46-4579b073edf6_image_jpeg.jpg"
ibis London Barking,"Highbridge Rd, Essex, Barking, IG11 7BA",all.accor.com,020 8477 4100 ,https://www.yell.com/searchfe/yframe/yelldotcom/default/_yframe/min/images/yell-dummy.png
Grand Sapphire Hotel & Banqueting,"45 Imperial Way, Croydon, CR0 4RR",www.grandsapphire.co.uk,020 8686 2905 ,"https://c.yell.com/t_bigRect,f_auto/8b8a5168-5b3a-4a44-9c7e-03f6f7c3f0ff_image_jpeg.jpg"
The Gladden Hub,"71-75 Shelton St, London, WC2H 9JQ",www.gladdenhub.com,020 3963 9320 ,https://www.yell.com/searchfe/yframe/yelldotcom/default/_yframe/min/images/yell-dummy.png
The Nadler Soho,"10 Carlisle St, London, W1D 3BR",www.thenadler.com,020 3697 3697 ,"https://c.yell.com/t_bigSquare,f_auto/fffe8f7e-da9b-4d6e-ae0c-4cc7983c0f6c_image_png.png"
Firmdale Hotels Plc,"21 Golden Square, London, W1F 9JN",www.firmdalehotels.com,020 7581 4045 ,https://www.yell.com/searchfe/yframe/yelldotcom/default/_yframe/min/images/yell-dummy.png
Best Western - Palm Hotel,"64-76 Hendon Way, London, NW2 2NL",www.bestwestern.co.uk,020 8455 5220 ,"https://c.yell.com/t_bigSquare,f_auto/08f3230e-5364-4f23-a054-73eda7aff165_image_jpeg.jpg"
Premier Inn London Croydon (Purley A23),"619 Purley Way, Croydon, CR0 4RQ",www.premierinn.com,0871 527 8282 ,"https://c.yell.com/t_bigRect,f_auto/1a95fc4c-9a67-4ade-8d0f-da18d3780498_image_jpeg.jpg"
"Club Quarters Hotel, London, Lincoln's Inn Fields","61 Lincoln's Inn Fields, London, WC2A 3JW",www.facebook.com,020 7404 6640 ,"https://c.yell.com/t_bigRect,f_auto/a10222bd-9024-4bbb-8813-30f8a414f5d1_image_jpeg.jpg"
Hub By Premier Inn London Soho,"Hopkins St, London, W1F 0DP",www.premierinn.com,0333 321 3104 ,"https://c.yell.com/t_bigRect,f_auto/b3ed59fb-a518-41c1-b0c9-12f72d80cbd6_image_jpeg.jpg"
Abercorn House,"28-30 Bute Gardens, London, W6 7DS",www.hostelworld.co.uk,020 8563 8692 ,https://www.yell.com/searchfe/yframe/yelldotcom/default/_yframe/min/images/yell-dummy.png
Foubert's Hotel,"2 Turnham Green Terrace, London, W4 1QP",,020 8995 6743 ,"https://c.yell.com/t_bigSquare,f_auto/95abf066-7965-44e4-8f71-11bfa20ddfe0_image_jpeg.jpg"
Gillray's Within London Marriott County Hall,"Westminster Bridge Rd, London, SE1 7PB",www.gillrays.com,020 7902 8000 ,"https://c.yell.com/t_bigSquare,f_auto/f74b6ad3-a46f-417f-8869-c743d7769a97_image_jpeg.jpg"
Gresham Hotel,"36-38 Bloomsbury St, London, WC1B 3QJ",www.greshamhotellondon.com,020 7580 4232 ,"https://c.yell.com/t_bigSquare,f_auto/08de58c1-4842-408b-9357-cabf522009e7_image_jpeg.jpg"
St James's Hotel & Club,"7 Park Place, London, SW1A 1LS",www.stjamesclubandhotel.co.uk,020 7316 1600 ,"https://c.yell.com/t_bigSquare,f_auto/1c68267c-ba73-4711-a62d-203be52344c2_image_jpeg.jpg"
Hoxton Hotel,"199 High Holborn, Camden, London, WC1V 7BD",thehoxton.com,020 7661 3000 ,"https://c.yell.com/t_bigSquare,f_auto/ffd48d06-20bb-48e6-b9c1-0b47bd965743_image_jpeg.jpg"
Travelodge Hotels Ltd,"166 High Holborn, London, WC1V 6PB",www.travelodge.co.uk,020 3195 4521 ,https://www.yell.com/searchfe/yframe/yelldotcom/default/_yframe/min/images/yell-dummy.png
Premier Inn London Waterloo (Westminster Bridge),"85 York Rd, London, SE1 7NJ",www.premierinn.com,0333 321 9302 ,"https://c.yell.com/t_bigRect,f_auto/3c31bd36-7733-4103-9125-8492f2d99fee_image_jpeg.jpg"
The Resident,"10 Carlisle Street, London, W1D 3BJ",www.residenthotels.com,020 3697 3697 ,https://www.yell.com/searchfe/yframe/yelldotcom/default/_yframe/min/images/yell-dummy.png
Four Seasons,"15 Sackville Street, London, W1S 3DN",www.fourseasons.com,020 7440 3600 ,https://www.yell.com/searchfe/yframe/yelldotcom/default/_yframe/min/images/yell-dummy.png
The Bull and Bush,"Washington Road, Kingston upon Thames, KT1 3JB, Surrey",,0845 0805104 ,https://www.yell.com/searchfe/yframe/yelldotcom/default/_yframe/min/images/yell-dummy.png
Star & Garter,"4 Lower Richmond Rd, London, SW15 1JN",www.glendolaleisure.co.uk,020 8788 0345 ,"https://c.yell.com/t_bigSquare,f_auto/f740920d-adf4-436e-83c9-b3ee5f43b45b_image_jpeg.jpg"
Knight International Apartments,"14-15, Carlisle St, London, W1D 3BS",,0800 6980999 ,https://www.yell.com/searchfe/yframe/yelldotcom/default/_yframe/min/images/yell-dummy.png
Z Hotels,"75 Kingsway, London, WC2B 6SR",www.thezhotels.com,020 3841 0870 ,https://www.yell.com/searchfe/yframe/yelldotcom/default/_yframe/min/images/yell-dummy.png
Belong,"162/170 Wardour St, London, W1F 8ZX",www.game.co.uk,07484 925095 ,"https://c.yell.com/t_bigSquare,f_auto/fecd894f-dad7-435e-bd34-552ee46fb134_image_jpeg.jpg"
The Bloomsbury Hotel,"16-22 Great Russell St, London, WC1B 3NN",www.doylecollection.com,020 7347 1000 ,"https://c.yell.com/t_bigSquare,f_auto/776bdd15-dcde-4a6e-b71d-79364e45bc5b_image_jpeg.jpg"
Concept Venues Ltd,"18-20 Warwick St, London, W1B 5NE",,020 7292 6100 ,https://www.yell.com/searchfe/yframe/yelldotcom/default/_yframe/min/images/yell-dummy.png
Radisson Blu Edwardian Bloomsbury Street,"9-13 Bloomsbury St, London, WC1B 3QD",www.radissonblu-edwardian.com,020 7636 5601 ,"https://c.yell.com/t_bigRect,f_auto/b732d05a-3040-4262-9d6a-da1f95103c4e_image_jpeg.jpg"
Best Western Chiswick Palace,"71-73 Chiswick High Rd, London, W4 2LS",www.bestwestern.co.uk,020 8994 1712 ,"https://c.yell.com/t_bigSquare,f_auto/a8cb78c8-3b3b-4904-aa93-a566b5d41f85_image_jpeg.jpg"
Z Hotels,"53 Poland Street, London, W1F 7NH",www.thezhotels.com,020 3837 6300 ,https://www.yell.com/searchfe/yframe/yelldotcom/default/_yframe/min/images/yell-dummy.png
The Sanctuary House Hotel Westminster,"33 Tothill St, London, SW1H 9LA",www.sanctuaryhousehotel.co.uk,020 7799 4044 ,"https://c.yell.com/t_bigSquare,f_auto/d0c05bef-5908-4891-837c-9e430678a106_image_jpeg.jpg"
Hetherley Developments Ltd,"5 Vigo St, London, W1S 3HF",www.hetherley.com,020 3794 7721 ,https://www.yell.com/searchfe/yframe/yelldotcom/default/_yframe/min/images/yell-dummy.png
Blue Orchid Hotels,"50 Broadway, London, SW1H 0RG",www.blueorchid.com,020 7834 4740 ,"https://c.yell.com/t_bigRect,f_auto/3269a838-9556-44b9-ad14-6cb47e04f213_image_png.png"
St Giles Hotel,"Bedford Avenue, London, WC1B 3GH",www.stgiles.com,020 7300 3000 ,"https://c.yell.com/t_bigSquare,f_auto/0242e2b1-4d26-48cc-a418-6f68099470d9_image_jpeg.jpg"
Brown's Hotel,"33 Albemarle St, London, W1S 4BP",www.roccofortehotels.com,020 7493 6020 ,"https://c.yell.com/t_bigSquare,f_auto/4a86e8ea-cbac-403e-9f94-9c53ddc5828d_image_jpeg.jpg"
Sherry London,"67 Broadwick St, London, W1F 9QX",www.sherryslondon.com,020 7734 5868 ,https://www.yell.com/searchfe/yframe/yelldotcom/default/_yframe/min/images/yell-dummy.png
Video Editing Degree & Certification Program,"10 Soho St, London, W1D 3DL",www.nimc-india.com,020 7437 3662 ,https://www.yell.com/searchfe/yframe/yelldotcom/default/_yframe/min/images/yell-dummy.png
Premier Inn,"21 Tothill St, London, SW1H 9LL",www.premierinn.com,0871 527 9704 ,"https://c.yell.com/t_bigRect,f_auto/a0942f16-b87c-4565-bc3d-e3b8db69f4eb_image_jpeg.jpg"
Acton Town Hotel & Apartments,"109-113 Gunnersbury Lane, London, W3 8HQ",www.actontownhotel.co.uk,020 8993 2477 ,"https://c.yell.com/t_bigSquare,f_auto/3a62b994-ab9d-4cf5-853f-6e67892bd1c5_image_jpeg.jpg"
Conrad St James,"22-28 Broadway, London, SW1H 0BH",www.hilton.com,020 3301 8080 ,"https://c.yell.com/t_bigRect,f_auto/195d8fa9-45d4-429f-9490-fd4e248ffe07_image_jpeg.jpg"
Park Plaza Westminster Bridge London,"200 Westminster Bridge Rd, London, SE1 7UT",www.parkplazawestminsterbridge.com,0333 400 6112 ,"https://c.yell.com/t_bigRect,f_auto/e7818a84-dccc-4c24-8bd7-46effc2505f6_image_jpeg.jpg"
The Carnaby within Courthouse Hotel,"19-21 Great Marlborough St, London, W1F 7HL",www.courthousehotel.co.uk,020 7297 5555 ,"https://c.yell.com/t_bigSquare,f_auto/1b5f79a5-c06d-461b-ada9-e3f14fb02d75_image_jpeg.jpg"
Hotelelink.Com,"39 St James's St, London, SW1A 1JD",www.hotelelink.com.com,020 7629 7150 ,https://www.yell.com/searchfe/yframe/yelldotcom/default/_yframe/min/images/yell-dummy.png
The Kingsley,"Bloomsbury Way, London, WC1A 2SD",www.thistle.com,0800 330 8553 ,"https://c.yell.com/t_bigSquare,f_auto/74a6675e-d1b2-4433-a010-f298215a626c_image_jpeg.jpg"
Radisson Blu Edwardian Kenilworth,"97 Great Russell St, Fitzrovia, London, WC1B 3BL",www.radissonblu-edwardian.com,020 7637 3477 ,"https://c.yell.com/t_bigRect,f_auto/07c44556-d02e-4f1b-b78a-4ab690616bbb_image_jpeg.jpg"
Acton Town Hotel & Apartments,"109-113 Gunnersbury Lane, London, W3 8HQ",www.actontownhotel.co.uk,020 8993 2477 ,"https://c.yell.com/t_bigSquare,f_auto/3a62b994-ab9d-4cf5-853f-6e67892bd1c5_image_jpeg.jpg"
Radisson Edwardian Kenilworth Hotel,"97 Great Russell Street, London, WC1B 3LB",www.radissonedwardian.com,0845 0805104 ,https://www.yell.com/searchfe/yframe/yelldotcom/default/_yframe/min/images/yell-dummy.png
The Stafford London,"16-18 St James's Place, London, SW1A 1NJ",www.thestaffordlondon.com,020 7493 0111 ,"https://c.yell.com/t_bigSquare,f_auto/61331ae1-42a6-44bf-b5c3-dfcbedfb561f_image_jpeg.jpg"
hub by Premier Inn London Westminster St James's Park hotel,"15 Dacre Street Westminster, London, SW1H 0DJ",www.premierinn.com,0871 527 9706 ,"https://c.yell.com/t_bigRect,f_auto/3ebc83c9-cff9-4334-8e85-a90682770577_image_jpeg.jpg"
Locke,"58 Great Marlborough St, London, W1F 7JY",www.lockeliving.com,0330 123 3480 ,https://www.yell.com/searchfe/yframe/yelldotcom/default/_yframe/min/images/yell-dummy.png
The London Edition,"10 Berners Street, Marylebone, LONDON, W1T 3NP",edition-hotels.marriott.com,020 7781 0000 ,"https://c.yell.com/t_bigSquare,f_auto/c2830d9c-367b-49ce-8f07-b2811a553407_image_jpeg.jpg"
Thistle Holborn the Kingsley,"36-37 Bloomsbury Way, London, WC1A 2SD",procleanerslondon.com,0800 330 8553 ,https://www.yell.com/searchfe/yframe/yelldotcom/default/_yframe/min/images/yell-dummy.png
AP LBC,"207 Regent St, London, W1B 3HH",www.ap-lbc.com,020 7118 0817 ,"https://c.yell.com/t_bigRect,f_auto/2c74c4e0-697a-4118-b7a2-a0989948ac32_image_png.png"
Holiday Inn Express London - Wimbledon South,"200 High St Colliers Wood, London, SW19 2BH",www.ihg.com,020 8545 7300 ,"https://c.yell.com/t_bigRect,f_auto/fdc5a898-9073-4367-9a08-245af1c2ffa3_image_png.png"
"The May Fair, A Raddison Collection Hotel","Stratton St, London, W1J 8LT",www.radissonhotels.com,020 7769 8200 ,"https://c.yell.com/t_bigRect,f_auto/8b7994d8-00e9-47d6-bb3a-1e19aa475d3c_image_jpeg.jpg"
Blooms Town House Hotel,"2-7 Montague St, London, WC1B 5BP",www.grangehotels.com,020 7323 1717 ,"https://c.yell.com/t_bigSquare,f_auto/38765410-42dd-4223-aced-3206affb1051_image_jpeg.jpg"
The London EDITION,"10 Berners St, London, W1T 3NP",www.marriott.com,020 7781 0000 ,"https://c.yell.com/t_bigRect,f_auto/11667f6a-df46-49c2-a348-92718a9a9081_image_jpeg.jpg"
The Mandrake Hotel,"20-21 Newman Street, Marylebone, LONDON, W1T 1PG",www.themandrake.com,020 3146 7770 ,"https://c.yell.com/t_bigSquare,f_auto/eafe52cb-ca45-4845-b3d5-5f2b9c3455e1_image_jpeg.jpg"
My Hotels Ltd,"38 Bedford Square, London, WC1B 3EL",,020 7907 4920 ,https://www.yell.com/searchfe/yframe/yelldotcom/default/_yframe/min/images/yell-dummy.png
Holiday Inn London - Mayfair,"3 Berkeley St, London, W1J 8NE",www.ihg.com,0871 942 9110 ,"https://c.yell.com/t_bigRect,f_auto/b9dba0e3-dbeb-4898-b390-0e3dcbce2543_image_png.png"
Club Quarters Ltd,"61 Lincoln's Inn Fields, London, WC2A 3JW",clubquartershotels.com,0843 816 1369 ,"https://c.yell.com/t_bigSquare,f_auto/76c8e1f7-98fc-4c62-b258-684813538bb9_image_jpeg.jpg"
Westbury Mayfair,"37 Conduit St, Westminster, London, W1S 2YF",www.marriott.com,020 7629 7755 ,"https://c.yell.com/t_bigRect,f_auto/ff9801af-7686-4a04-ad0f-af616100136a_image_jpeg.jpg"
Grange Buckingham Hotel,"39-40 Bedford Place, London, WC1B 5JT",www.grangehotels.com,020 7636 2474 ,"https://c.yell.com/t_bigSquare,f_auto/454f0db1-5e8d-497e-88cf-ff68ea9ddb67_image_jpeg.jpg"
Ruskin Hotel,"23-24 Montague St, London, WC1B 5BH",,020 7636 7388 ,"https://c.yell.com/t_bigSquare,f_auto/2ec5b689-ebbb-49c6-8d7f-baf5d5c5e521_image_jpeg.jpg"
Mastcraft Ltd,"30 Poland St, London, W1F 8QS",,020 7434 9900 ,https://www.yell.com/searchfe/yframe/yelldotcom/default/_yframe/min/images/yell-dummy.png
Sanderson London A House Of Originals Hotel,"50 Berners St Fitzrovia, London, W1T 3NG",www.sbe.com,020 7300 1400 ,https://www.yell.com/searchfe/yframe/yelldotcom/default/_yframe/min/images/yell-dummy.png
St. Ermin's Hotel Autograph Collection,"2 Caxton St, London, SW1H 0QW",www.marriott.com,020 7222 7888 ,"https://c.yell.com/t_bigRect,f_auto/33067767-e77e-4d5b-b9ce-e057b891e2ee_image_jpeg.jpg"
Churchill Hotel Ltd,"30 Portman Square, London, W1A 4ZX",www.london.churchill.hyatt.co.uk,0843 8161387 ,https://www.yell.com/searchfe/yframe/yelldotcom/default/_yframe/min/images/yell-dummy.png
The Penridge Suite,"470 Bowes Rd, London, N11 1NL",,020 8362 0881 ,"https://c.yell.com/t_bigRect,f_auto/b6fb0761-f5c5-4f46-bf5d-51195b435d63_image_jpeg.jpg"
